{
  "params": {
    "dataset": "gist-960-euclidean",
    "experiment": "elasticsearch-adam",
    "engine": "elasticsearch",
    "parallel": 1,
    "config": {
      "num_candidates": 128
    }
  },
  "results": {
    "total_time": 20.49039647600148,
    "mean_time": 0.020301683143025002,
    "mean_precisions": 0.7081900000000001,
    "std_time": 0.06657686147897997,
    "min_time": 0.0034683169978961814,
    "max_time": 0.8890666100014641,
    "rps": 48.803350446205776,
    "p95_time": 0.06378227014829459,
    "p99_time": 0.3708084895291903
  }
}